Category,Headline,SubHeading,Link,isResult,isMaybe
CYKLING ,Italiensk tempotog træder fra både Vingegaard og verdensmesteren på Vuelta-enkeltstart ,"Filippo Ganna var hurtigst på tirsdagens 25,8 kilometer lange enkeltstart og vinder dermed 10. etape af Vuelta a España",https://www.dr.dk/sporten/cykling/italiensk-tempotog-traeder-fra-baade-vingegaard-og-verdensmesteren-paa-vuelta,True,
BADMINTON,Dansk mester stopper på landsholdet med bekymring for fremtiden ,"Hans-Kristian Vittinghus mener, at Danmark er under pres for at følge med i international badminton ",https://www.dr.dk/sporten/badminton/dansk-mester-stopper-og-sender-advarsel-om-landsholdets-fremtid,False,
ATLETIK,Kæresten fik Simon overtalt - nu kan han kalde sig verdensmester i duatlon ,Danske Simon Jørn Hansen triumferede søndag eftermiddag ved duatlon-stævnet Powerman i Schweiz ,https://www.dr.dk/sporten/atletik/kaeresten-fik-simon-overtalt-nu-kan-han-kalde-sig-verdensmester-i-duatlon,True,
CYKLING,"Andreas kronede flot etape med en tredjeplads, mens spanier sejrede på hjemmebane ",Cykelrytteren Andreas Kron blev nummer tre på 11. etape af Vuelta a Espana ,https://www.dr.dk/sporten/cykling/andreas-kronede-flot-etape-med-en-tredjeplads-mens-spanier-sejrede-paa-hjemmebane ,True ,
TENNIS,Wozniackis amerikanske eventyr slutter med nederlag til 19-årigt stortalent ,"Fjerde runde bliver endestationen ved US Open for Caroline Wozniacki, der taber i tre sæt til amerikaneren Coco Gauff ",https://www.dr.dk/sporten/tennis/wozniackis-amerikanske-eventyr-slutter-med-nederlag-til-19-aarigt-stortalent,True,
SUPERLIGA ,Tidlig kandidat til årets mål? Slovak scorer på langskudsdrøn i Parken ,"For anden gang i denne uge scorede Denis Vavro på langskud for FC København, da mestrene søndag vandt 2-0 over Viborg i Superligaen ",https://www.dr.dk/sporten/fodbold/superliga/tidlig-kandidat-til-aarets-maal-slovener-scorer-paa-langskudsdroen-i,True,
ENGELSK FODBOLD ,Højlund debuterer i Manchester United-nedtur ,"Rasmus Højlund fik søndag debut for Manchester United, der indkasserede to mål i overtiden og tabte 1-3 til Arsenal ",https://www.dr.dk/sporten/fodbold/england/hoejlund-debuterer-i-manchester-united-nedtur,True,
KORT SPORT,Spansk landsholdsspiller lægger sag an mod fodboldpræsident efter VM-kys,"Fodboldspilleren Jennifer Hermoso har lagt sag an mod Luis Rubiales, præsident for Det Spanske Fodboldforbund (RFEF)",https://www.dr.dk/sporten/seneste-sport/spansk-landsholdsspiller-laegger-sag-mod-fodboldpraesident-efter-vm-kys,False,
POKALTURNERINGEN ,"0-13! Aabenraa fik tørre tæsk, men skålede alligevel på en uforglemmelig oplevelse ",Aabenraa BK fra Serie 1 tabte 13-0 til superligamandskabet FC Midtjylland i anden runde af pokalturneringen ,https://www.dr.dk/sporten/fodbold/pokalturneringen/0-13-aabenraa-fik-toerre-taesk-men-skaalede-alligevel-paa-en,True,
HERRELANDSHOLDET ,"Landsholdet er tilfreds med sejren og 'fuldt skur', men størst af alt er glæden for debutanterne ","Danmark vandt med 4-0 over San Marino, og landstræneren fandt plads til to debuter ",https://www.dr.dk/sporten/fodbold/landsholdet/landsholdet-er-tilfreds-med-sejren-og-fuldt-skur-men-stoerst-af-alt-er,True,
HERRELANDSHOLDET ,"Danmark pligtsejrer, og ikke mere end det, med 4-0 mod San Marino ",Der var aldrig tvivl om udfaldet i kampen mod den lille fodboldnation ,https://www.dr.dk/sporten/fodbold/landsholdet/danmark-pligtsejrede-med-4-0-mod-san-marino,True,
TENNIS ,"Selvom demonstranter afbrød tennisdarlings 'historiedefinerende øjeblik', var hun ikke sur ",US Open-semifinalen mellem Coco Gauff og Karolina Muchova blev stoppet i 50 minutter ,https://www.dr.dk/sporten/tennis/selvom-demonstranter-afbroed-tennisdarlings-historiedefinerende-oejeblik-var-hun-ikke,False,
VUELTA A ESPANA ,"Hvis Vingegaard vil vinde Vueltaen, skal han slå til på dagens kongeetape ","14. etape får stor betydning for danskerens chancer i klassementet, men det er ikke en skuffelse, hvis mission mislykkes, vurderer DR Sportens cykelkommentator ",https://www.dr.dk/sporten/cykling/vuelta/hvis-vingegaard-vil-vinde-vueltaen-skal-han-slaa-til-paa-dagens-kongeetape,False,
FODBOLD ,KARAKTERER Mæhles målnæse bringer ham tæt på topkarakter ,"Vurdér selv herunder, hvilke karakterer landsholdsspillerne skal have ",https://www.dr.dk/sporten/fodbold/karakterer-maehles-maalnaese-bringer-ham-taet-paa-topkarakter,False,
VUELTA A ESPANA ,Colombianske Molano sprinter sig til etapesejren i Vueltaen ,Det var Juan Sebastián Molanos første etapesejr i årets Vuelta a España ,https://www.dr.dk/sporten/cykling/vuelta/colombianske-molano-sprinter-sig-til-etapesejren-i-vueltaen,True,
HESTESPORT ,Danmark vinder EM-bronze i dressur ,Det danske dressurlandshold sluttede på podiet i holdkonkurrencen ved EM for anden gang i træk ,https://www.dr.dk/sporten/ridning/danmark-vinder-em-bronze-i-dressur,True,
CYKLING ,Vingegaard knuser rivalerne og nærmer sig førertrøjen på vild Jumbo-Visma-dag ,Det var en fantastisk dag på kontoret for Jonas Vingegaard og kompagni på kongeetapen ,https://www.dr.dk/sporten/cykling/vingegaard-knuser-konkurrenterne-og-naermer-sig-foerertroejen-paa-vild-jumbo-visma,True,
CYKLING ,Rørt Jonas Vingegaard dedikerer suveræn sejr til sin datter ,Den danske cykelstjerne var stolt af sin sejr på 13. etape af Vuelta a Espana ,https://www.dr.dk/sporten/cykling/roert-jonas-vingegaard-dedikerer-suveraen-sejr-til-sin-datter,True,
HESTESPORT ,Dansk stjernerytter vinder EM-sølv i dressur ,Nanna Skodborg Merrald overhalede blandt andre den forsvarende verdensmester ,https://www.dr.dk/sporten/ridning/dansk-stjernerytter-vinder-em-soelv-i-dressur,True,
VUELTA A ESPANA ,"Hvis Vingegaard vil vinde Vueltaen, skal han slå til på dagens kongeetape ","14. etape får stor betydning for danskerens chancer i klassementet, men det er ikke en skuffelse, hvis mission mislykkes, vurderer DR Sportens cykelkommentator ",https://www.dr.dk/sporten/cykling/vuelta/hvis-vingegaard-vil-vinde-vueltaen-skal-han-slaa-til-paa-dagens-kongeetape,False,
HERRELANDSHOLDET,Er San Marino for dårlige til EM-kvalifikationen? Fodboldlandsholdet er ikke i tvivl ,"Der skal være plads til alle i EM-kvalifikationen, mener landsholdsprofilen Pierre-Emile Højbjerg. Også San Marino, som ligger sidst på verdensranglisten ",https://www.dr.dk/sporten/fodbold/landsholdet/er-san-marino-daarlige-til-em-kvalifikationen-fodboldlandsholdet-er-ikke,False,
TENNIS ,Tennisstjerne advarer mod 'brutal' varme i New York: 'En spiller kommer til at dø' ,"Spillerne lider under varmen ved US Open, og ekspert opfordrer arrangørerne til at indføre tiltag, der beskytter udøverne ",https://www.dr.dk/sporten/tennis/tennisstjerne-advarer-mod-brutal-varme-i-new-york-en-spiller-kommer-til-doe,False,
CYKLING ,KILOMETER FOR KILOMETER Andreas Kron tæt på ny triumf i Vueltaen ,Følg 11. etape af Vuelta a Espana lige her ,https://www.dr.dk/sporten/cykling/live-dansker-i-udbrud-kort-foer-finalestigning-foelg-11-etape-af-vueltaen-her,False,
TENNIS ,Teenagefænomenet møder verdensetteren i kvindernes sidste grand slam-finale i år ,Coco Gauff og Aryna Sabalenka spiller finale ved US Open lørdag aften ,https://www.dr.dk/sporten/tennis/teenagefaenomenet-moeder-verdensetteren-i-kvindernes-sidste-grand-slam-finale-i-aar,False,
CYKLING ,"Vingegaard og Jumbo-Visma sætter sig tungt på Vueltaen: 'Unikt, hvad han præsterer' ","Nummer et, to og tre i Vuelta a Espana cykler alle for holdet Jumbo-Visma ",https://www.dr.dk/sporten/cykling/vingegaard-og-jumbo-visma-saetter-sig-tungt-paa-vueltaen-unikt-hvad-han-praesterer,False,
FODBOLD ,Schmeichel har det fint med at blive pustet i nakken: 'Der mangler respekt for de andre målmænd' ,Kasper Schmeichel har på det seneste fået skærpet konkurrence til målmandsposten på det danske landshold ,https://www.dr.dk/sporten/fodbold/schmeichel-har-det-fint-med-blive-pustet-i-nakken-der-mangler-respekt-de-andre,False,
HESTESPORT ,Tobias Thorning rider videre på bølge af succes med ny EM-guldmedalje ,Den danske dressurrytter Tobias Thorning Jørgensen har lørdag vundet sin anden guldmedalje ved EM ,https://www.dr.dk/sporten/ridning/tobias-thorning-rider-videre-paa-boelge-af-succes-med-ny-em-guldmedalje,True,
HERRELANDSHOLDET ,Skader skaber bekymring før dansk skæbnekamp i Finland ,"Kasper Hjulmand vil ikke fortælle, hvilke spilleres skader han er bekymret for ",https://www.dr.dk/sporten/fodbold/landsholdet/skader-skaber-bekymring-foer-dansk-skaebnekamp-i-finland,False,
CYKLING ,Hvad skal de andre dog gøre? Vingegaard og Jumbo-Visma med ny stor skalp ,På lørdagens bjergetape afviste Jumbo-Visma alle forsøg på at overtage en af deres tre podiepladser ,https://www.dr.dk/sporten/cykling/hvad-skal-de-andre-dog-goere-vingegaard-og-jumbo-visma-med-ny-stor-skalp,False,
FODBOLD ,Spansk fodboldpræsident trækker sig efter langstrakt sag om kys ,Luis Rubiales trækker sig som præsident for det spanske fodboldforbund efter ugers kritik af kys i forbindelse med fejringen af det spanske VM-guld ,https://www.dr.dk/nyheder/seneste/praesident-spansk-fodboldforbund-traekker-sig-efter-kys,False,
HERRELANDSHOLDET ,Snublende tæt på ny smutter: Danmark tager tre vigtige point mod Finland ,Det danske landshold vinder 1-0 på udebane over Finland i EM-kvalifikationen ,https://www.dr.dk/sporten/fodbold/landsholdet/hoejbjergs-hammer-sikrer-danmark-tre-vigtige-point-mod-finland,True,
HERRELANDSHOLDET ,'Det var en forløsning': Hjulmand varmer sig ved holdånden i Helsinki ,"Kasper Hjulmand godkender indsatsen fra det danske landshold, selv om det ikke var kønt ",https://www.dr.dk/sporten/fodbold/landsholdet/det-var-en-forloesning-hjulmand-varmer-sig-ved-holdaanden-i-helsinki,False,
TENNIS ,"Teenager tog ordet og takkede alle, der ikke havde troet på hende ",Coco Gauff vandt for en måned siden sin første WTA 500-turnering. Allerede få uger senere kan den 19-årige amerikaner nu kalde sig grand slam-vinder ,https://www.dr.dk/sporten/tennis/teenager-tog-ordet-og-takkede-alle-der-ikke-havde-troet-paa-hende,True,
BADMINTON ,"Viktor Axelsen vinder det eneste store trofæ, han manglede ",Den danske badmintonspiller vandt søndag China Open og har nu vundet alle Super 1000-turneringer ,https://www.dr.dk/sporten/badminton/viktor-axelsen-vinder-det-eneste-store-trofae-han-manglede,True,
HESTESPORT ,Dansk dressurrytter er ekspert i at tage brugte heste til verdenstoppen ,"Nanna Skodborg Merrald har i flere omgange overtaget heste fra tidligere ryttere og præsteret med dem, som det er også tilfældet ved EM i disse dage ",https://www.dr.dk/sporten/ridning/dansk-dressurrytter-er-ekspert-i-tage-brugte-heste-til-verdenstoppen,False,
HERRELANDSHOLDET ,"Så længe landsholdet vinder, behøver det ikke være en berusende fodboldfest ","Det danske landshold ved godt, at de skal vinde, når de møder Finland i en afgørende gruppekamp i EM-kvalifikation ",https://www.dr.dk/sporten/fodbold/landsholdet/saa-laenge-landsholdet-vinder-behoever-det-ikke-vaere-en-berusende,False,
TENNIS ,19-årig tennisstjerne slår verdensetter og vinder sin første grand slam-finale ,Det unge amerikanske tennistalent Coco Gauff slog 25-årige Aryna Sabalenka ved dette års finale i US Open ,https://www.dr.dk/sporten/tennis/19-aarig-tennisstjerne-slaar-verdensetter-og-vinder-sin-foerste-gran-slam-finale,True,
HERRELANDSHOLDET ,KARAKTERER Kriger på den danske midtbane strålede i sejr over Finland ,Vurder selv de danske landsholdsspillerne efter 1-0-sejren over Finland ,https://www.dr.dk/sporten/fodbold/landsholdet/karakterer-kriger-paa-den-danske-midtbane-straalede-i-sejr-over-finland,True,
CYKLING ,"'Kunne aldrig gøre det uden dem': På Vingegaards tidligere hold lærer man, at hvert løb skal køres som et VM ","Jonas Vingegaard er én af mange danske talenter, som har taget springet fra Danmark til udlandet. Kom med Tour de France-vinderens tidligere hold til løbsdag i Gesten lidt vest for Kolding ",https://www.dr.dk/sporten/cykling/kom-med-i-maskinrummet-hos-det-danske-hold-som-formede-jonas-vingegaard,False,
WIMBLEDON ,'Det er tennis af en anden verden': Se de bedste dueller fra Wimbledon-dramaet her ,Novak Djokovic og Carlos Alcaraz overdyngede seerne med tennis fra øverste hylde. Se de vildeste dueller her ,https://www.dr.dk/sporten/tennis/wimbledon/det-er-tennis-af-en-anden-verden-se-de-bedste-dueller-fra-den-wimbledon,False,
TENNIS ,"Holger Rune genforenes med sin barndomstræner, der skal redde stjernen ud af krisen ","Ifølge DR Sportens tennisreporter er det langt fra overraskende, at Holger Rune vælger at genetablere samarbejdet med sin barndomstræner ",https://www.dr.dk/sporten/tennis/holger-rune-genforenes-med-sin-barndomstraener-der-skal-redde-stjernen-ud-af-krisen,False,
TENNIS ,Efter stor forvirring sætter Holger Rune endelig navn på træner ,Den danske tennisspiller Holger Rune skal igen trænes af sin barndomstræner Lars Christensen ,https://www.dr.dk/sporten/tennis/efter-stor-forvirring-saetter-holger-rune-endelig-navn-paa-traener,False,
KVINDELANDSHOLDET ,Danmarks nye landstræner med to ændringer i sin første landsholdstrup ,Andrée Jeglertz har mandag udtaget sin første trup som landstræner for Danmark ,https://www.dr.dk/sporten/fodbold/kvindelandsholdet/danmarks-nye-landstraener-med-aendringer-i-sin-foerste,False,
TENNIS ,"Djokovic overvejede karrierestop, men hans 'drømmeår' har ændret alt ",Altdominerende Novak Djokovic har ikke tænkt sig at lægge ketsjeren på hylden i nærmeste fremtid ,https://www.dr.dk/sporten/tennis/djokovic-overvejede-karrierestop-men-hans-droemmeaar-har-aendret-alt,False,
HERRELANDSHOLDET ,Finsk landsholdsspiller med fortid i Brøndby håber på hjælpende dansk EM-hånd ,Den finske landsholdsmålmand Lukas Hradecky håber på dansk hjælp i Finlands jagt på en EM-plads ,https://www.dr.dk/sporten/fodbold/landsholdet/finsk-landsholdsspiller-med-fortid-i-broendby-haaber-paa-hjaelpende,False,
TENNIS ,Novak Djokovic vinder overbevisende US Open over russisk toprival ,Serberen fik lukket kampen i tre sæt og kan for fjerde gang kalde sig vinder af den præstigefyldte turnering i New York ,https://www.dr.dk/sporten/tennis/novak-djokovic-vinder-overbevisende-us-open-over-russisk-toprival,True,
FODBOLD ,Fodboldens største whistleblower slipper med en betinget dom ,"Manden bag Football Leaks, portugisiske Rui Pinto, er af en domstol i Lissabon blevet idømt en betinget fængselsdom på fire år ",https://www.dr.dk/sporten/fodbold/fodboldens-stoerste-whistleblower-slipper-med-en-betinget-dom,False,
CYKLING ,Eksplosive Vingegaard sætter alle til vægs i overraskende afslutning ,Jonas Vingegaard vinder 16. etape af Vuelta a España. Han er nu tæt på førertrøjen ,https://www.dr.dk/sporten/cykling/eksplosive-vingegaard-saetter-alle-til-vaegs-i-overraskende-afslutning,True,
CYKLING ,Vingegaard misser førertrøjen med få sekunder i hektisk afslutning ,Primoz Roglic vinder 17. etape af Vuelta a España foran Jonas Vingegaard ,https://www.dr.dk/sporten/cykling/vingegaard-misser-foerertroejen-med-faa-sekunder-i-hektisk-afslutning,True,
CYKLING ,"'Det kan blive et blodbad': Vilde Vingegaard tager trøjen i dag, lover kommentator ","Jonas Vingegaard viste tirsdag, at formen er, hvor den skal være. Nu venter en af Europas sværeste stigninger på 17. etape af Vueltaen ",https://www.dr.dk/sporten/cykling/det-kan-blive-et-blodbad-vilde-vingegaard-tager-troejen-i-dag-lover-ekspert,False,
CYKLING ,"Vingegaard har fundet sit særlige supervåben frem: 'Han kan noget, som ingen andre kan' ",Jonas Vingegaard virker igen til at have fundet topniveauet i den sidste uge af et af verdens største cykelløb ,https://www.dr.dk/sporten/cykling/vingegaard-har-fundet-sit-saerlige-supervaaben-frem-han-kan-noget-som-ingen-andre,False,
CYKLING ,"Vingegaard i bakgear efter podiedrama: 'Jeg håber, at Sepp vinder' ","Jonas Vingegaard missede førertrøjen på 17. etape med otte sekunder, som han nu håber, at Sepp Kuss beholder ",https://www.dr.dk/sporten/cykling/vingegaard-i-bakgear-efter-podiedrama-jeg-haaber-sepp-vinder,True,
CYKLING ,Grådkvalt Vingegaard sender tanker til sin bedste ven efter flot etapesejr i Vueltaen ,Danskerens holdkammerat Nathan van Hooydonck er indlagt på hospitalet efter et trafikuheld ,https://www.dr.dk/sporten/cykling/graadkvalt-vingegaard-sender-tanker-til-sin-bedste-ven-efter-flot-etapesejr-i,False,
CYKLING ,Er Vingegaard og Roglic respektløse? Tidligere ryttere kritiserer angrebet på superhjælper ,Jonas Vingegaard og Jumbo Visma-holdet har trods enorm dominans i Vuelta a España fået kritik ,https://www.dr.dk/sporten/cykling/er-vingegaard-og-roglic-respektloese-tidligere-ryttere-kritiserer-angrebet-paa,False,
CYKLING ,"Vingegaard i bakgear efter podiedrama: 'Jeg håber, at Sepp vinder' ","Jonas Vingegaard missede førertrøjen på 17. etape med otte sekunder, som han nu håber, at Sepp Kuss beholder. ",https://www.dr.dk/sporten/cykling/vingegaard-i-bakgear-efter-podiedrama-jeg-haaber-sepp-vinder,True,
CHAMPIONS LEAGUE ,GOG knækker Celje efter gyser i Odense ,GOG åbner Champions League med en sejr på 38-36 over Celje ,https://www.dr.dk/sporten/haandbold/championsleague/gog-knaekker-celje-efter-gyser-i-odense,True,
CHAMPIONS LEAGUE ,Aalborg Håndbold imponerer på svær udebane i Champions League ,Det nordjyske håndboldhold vandt over polske Kielce i Champions League ,https://www.dr.dk/sporten/haandbold/championsleague/aalborg-haandbold-imponerer-paa-svaer-udebane-i-champions-league,True,
CHAMPIONS LEAGUE ,"Han har vundet det hele, men nu drømmer Landin om det største med Aalborg ",Niklas Landin og Aalborg Håndbold tager onsdag hul på Champions League ,https://www.dr.dk/sporten/haandbold/championsleague/han-har-vundet-det-hele-men-nu-droemmer-landin-om-det-stoerste-med,False,
SPORT ,Sportsstjerner sætter tape for munden i jagten på bedre vejrtrækning ,"Flere atleter er begyndt at tale højt om at bruge mundtape, når de sover og træner. Og det er faktisk ikke så ringe en idé ",https://www.dr.dk/sporten/oevrig/sportsstjerner-saetter-tape-munden-i-jagten-paa-bedre-vejrtraekning,False,
OL PARIS 2024 ,Israelske vægtløftere jubler over VM-deltagelse i Saudi-Arabien: 'En sejr over politik' ,Fire israelske atleter er landet i Riyadh for at konkurrere ved VM i vægtløftning ,https://www.dr.dk/sporten/ol/israelske-vaegtloeftere-skriver-historie-ved-konkurrere-i-saudi-arabien,False,
AMERIKANSK FODBOLD ,"Hjalte Froholdt slap godt fra debuten i jobbet, som der kun findes 32 af i verden ",Den danske amerikanske fodboldspiller er førstevalg som center i den offensive linje for Arizona Cardinals i NFL ,https://www.dr.dk/sporten/amerikansk-fodbold/hjalte-froholdt-slap-godt-fra-debuten-i-jobbet-som-der-kun-findes-32-af-i,False,
SUPERLIGA ,Viborg-spiller driver gæk med Midtjylland-forsvaret: Se målet her ,"Indskiftede Serginho holdt legestue i det Midtjyske derby, som endte med 2-2 ",https://www.dr.dk/sporten/fodbold/superliga/viborg-spiller-driver-gaek-med-midtjylland-forsvaret-se-maalet-her,True,
FORMEL 1 ,"Derfor vinder Verstappen VM: Magnussen, mekanikeren og chefen om suveræn superstjerne ","Max Verstappen er i Singapore favorit til sin 11. sejr i træk, og allerede næste weekend kan han sikre sig VM-titlen ",https://www.dr.dk/sporten/formel1/derfor-vinder-verstappen-vm-magnussen-mekanikeren-og-chefen-om-suveraen-superstjerne,False,
SPORT ,Dansk bueskytte World Cup-triumferede i Mexico: 'De gik bare helt amok' ,Mathias Fullerton vandt karrierens første guldmedalje i compound ved World Cup-finalen i Mexico ,https://www.dr.dk/sporten/dansk-bueskytte-world-cup-triumferede-i-mexico-de-gik-bare-helt-amok,True,
TENNIS ,Holger Rune løber tør for kræfter og taber til brasilianer i Davis Cup-kamp ,Thiago Monteiro besejrede danskeren i tre sæt ,https://www.dr.dk/sporten/tennis/holger-rune-loeber-toer-kraefter-og-taber-til-brasilianer-i-davis-cup-kamp,True,
CYKLING ,"Jonas Vingegaard efter holdkammerats Vuelta-triumf: 'Det var en stor oplevelse, at vi kunne gå derop sammen' ",Jumbo-Visma har med den samlede sejr til Sepp Kuss gjort rent bord i 2023 grand tour-mæssigt ,https://www.dr.dk/sporten/cykling/jonas-vingegaard-efter-holdkammerats-vuelta-triumf-det-var-en-stor-oplevelse-vi,True,
BADMINTON ,'Vi er blandt de bedste i verden': Nyt trofæ giver badmintonstjerner tro på OL-succes ,"Weekendens sejr i Hongkong er endnu et bevis på, at herredoublen Kim Astrup og Anders Skaarup Rasmussen er i storform ",https://www.dr.dk/sporten/badminton/vi-er-blandt-de-bedste-i-verden-nyt-trofae-giver-badmintonstjerner-tro-paa-ol,True,
CYKLING ,Fra hjælperytter til øverst på podiet: Sepp Kuss vinder Vuelta a España ,"Kaden Groves vinder 21. og sidste etape af Vuelta a España, mens Sepp Kuss fra Team Jumbo-Visma blev den samlede vinder ",https://www.dr.dk/sporten/cykling/fra-hjaelperytter-til-oeverst-paa-podiet-sepp-kuss-vinder-vuelta-espana,True,
HÅNDBOLD ,Ni mål på et minut: Flyvende Friis sørgede for Ikast-triumf i Champions League ,Den danske håndboldspiller var en af hovedårsagerne til sejren på 39-36 over Metz fra Frankrig ,https://www.dr.dk/sporten/haandbold/ni-maal-paa-et-minut-flyvende-friis-soergede-ikast-triumf-i-champions-league,True,
HÅNDBOLD ,Dansk målmaskine sender Ikast Håndbold forbi fransk storhold i Champions League ,Landsholdsfløjen Emma Friis scorede ni mål i Ikasts sejr på 39-36 over Metz søndag aften ,https://www.dr.dk/sporten/haandbold/dansk-maalmaskine-sender-ikast-haandbold-forbi-fransk-storhold-i-champions-league,True,
FORMEL 1 ,Kevin Magnussen henter tiltrængt point efter hektisk afslutning i Singapore ,Den danske Formel 1-kører kvalificerede sig som nummer seks til løbet i Singapore ,https://www.dr.dk/sporten/formel1/kevin-magnussen-henter-tiltraengte-point-efter-hektisk-afslutning-i-singapore,True,
CHAMPIONS LEAGUE ,Team Esbjerg taber pusten og lider nederlag i Champions League ,De danske mestre tabte søndag mod slovenske Krim Ljubjana ,https://www.dr.dk/sporten/haandbold/championsleague/team-esbjerg-taber-pusten-og-lider-nederlag-i-champions-leauge,True,
BADMINTON ,Dansk succesduo triumferer i Hongkong ,Kim Astrup og Anders Skaarup Rasmussen har søndag vundet turneringen Hong Kong Open ,https://www.dr.dk/sporten/badminton/dansk-succesduo-triumferer-i-hong-kong,True,
SUPERLIGA ,"Politisager forandrer spillerkarrierer, men i Lyngby er der ingen tvivl: 'Han er lige så ren, som alle os andre' ","Everton satte aldrig Gylfi Sigurdsson på banen igen efter politisag, men nu har han fået kontrakt hos Lyngby ",https://www.dr.dk/sporten/fodbold/superliga/politisager-forandrer-spillerkarrierer-men-i-lyngby-er-der-ingen-tvivl-han,False,
CHAMPIONS LEAGUE ,"Dansk stortalent klar til at indtage international håndbold: 'Kun Julie, der sætter begrænsningerne' ",Ikast Håndbold med 19-årige Julie Scaglione i truppen spiller i dag Champions League-kamp imod franske Metz ,https://www.dr.dk/sporten/haandbold/championsleague/dansk-stortalent-klar-til-indtage-international-haandbold-kun,False,
MOTORSPORT ,'Idiot': Dramatisk sammenstød sender danske racerkørere ud af løb og op i det røde felt ,"Nummer fire og fem i den samlede TCR-stilling, Nicolai Sylvest og Michael Markussen, kørte hinanden af banen i lørdagens løb i Padborg ",https://www.dr.dk/sporten/motorsport/idiot-dramatisk-sammenstoed-sender-danske-racerkoerere-ud-af-loeb-og-op-i-det,False,
TENNIS ,"Holger Rune om irriterende rygskade: 'Jeg er 20 år gammel, jeg skal jo ikke have ondt' ",Den 20-årrige tennisstjerne måtte trække sig fra lørdagens landskamp mod Brasilien og regner med en længere pause ,https://www.dr.dk/sporten/tennis/holger-rune-om-irriterende-rygskade-jeg-er-20-aar-gammel-jeg-skal-jo-ikke-have-ondt,False,
HÅNDBOLD ,Overlegne Odense Håndbold vinder med 15 mål i Champions League ,De danske håndboldkvinder vandt overbevisende over Budocnost fra Montenegro i Champions League ,https://www.dr.dk/sporten/haandbold/overlegne-odense-haandbold-vinder-med-15-maal-i-champions-league,True,
TENNIS ,Brasiliansk duo slukker Danmarks håb for Davis Cup-sejr efter gyserafslutning ,Johannes Ingildsen og Christian Sigsgaard tabte deres double i weekendens Davis Cup-brag mod Brasilien ,https://www.dr.dk/sporten/tennis/brasiliansk-duo-slukker-danmarks-haab-davis-cup-sejr-efter-gyserafslutning,True,
TENNIS ,Skade tvinger Holger Rune til at trække sig fra Davis Cup ,Holger Rune kommer alligevel ikke i aktion i lørdagens Davis Cup-kamp mod Brasilien. ,https://www.dr.dk/sporten/tennis/skade-tvinger-holger-rune-til-traekke-sig-fra-davis-cup,False,
TENNIS ,BOLD FOR BOLD På trods af Elmer Møllers sejr taber Danmark Davis Cup-opgør mod Brasilien ,"Danmark taber samlet med 1-3 til Brasilien i Davis Cup, selvom Elmer Møller vinder den sidste kamp i opgøret ",https://www.dr.dk/sporten/tennis/live-davis-cup-danmark-brasilien,True,
CYKLING ,"Vingegaards væbner drømmer om jokerrolle i Touren, og 'det giver god mening' ","Det motiverer Sepp Kuss at køre væddeløb, og det er oplagt at udnytte i næste års Tour til at presse konkurrenterne yderligere, mener DR Sportens cykelekspert ",https://www.dr.dk/sporten/cykling/vingegaards-vaebner-droemmer-om-jokerrolle-i-touren-og-det-giver-god-mening,False,
MOTORSPORT ,To danskere i direkte duel om EM-guld: 'Det er ikke nogen drømmeposition' ,"To danskere skal ud i en direkte dyst om guldet, når EM i speedway skal afgøres fredag aften ",https://www.dr.dk/sporten/motorsport/danskere-i-direkte-duel-om-em-guld-det-er-ikke-nogen-droemmeposition,False,
KVINDELANDSHOLDET ,"Der er ny chef i butikken, og nu bliver der blæst til angreb ","Fredag aften skal det danske landshold stå ansigt til ansigt med Tyskland. Kampen kan følges på DR1, DRTV og Liga på P4 ",https://www.dr.dk/sporten/fodbold/kvindelandsholdet/med-ny-chef-paa-sidelinjen-blaeser-landsholdet-til-angreb,False,
CHAMPIONS LEAGUE ,Sendeplan: Sådan sender DR fra Champions League ,Her kan du få et overblik over de kommende håndboldkampe i Champions League-turneringen på DR's kanaler ,https://www.dr.dk/sporten/haandbold/championsleague/sendeplan-saadan-sender-dr-fra-champions-league,False,
TOUR DE FRANCE ,Vingegaards Tour-triumf i billeder: Se de 15 pletskud her ,"Se eller gense nogle af højdepunkterne fra Jonas Vingegaards titelforsvar i verdens hårdeste cykelløb, Tour de France ",https://www.dr.dk/sporten/cykling/tourdefrance/vingegaards-tour-triumf-i-billeder-se-de-15-pletskud-her,False,
GOLF ,Emily Pedersen vil forsvare de europæiske farver med hjerte og sjæl ,"Den danske golfspiller Emily Pedersen er med på et europæiske hold, som fredag tager hul på Solheim Cup-turneringen, hvor Europa møder USA ",https://www.dr.dk/sporten/golf/emily-pedersen-vil-forsvare-de-europaeiske-farver-med-hjerte-og-sjael,False,
CHAMPIONS LEAGUE ,Vild dansk dobbeltredning blokerer vejen for Champions League-mestrene ,Danske Emil Nielsen var i hopla i Barcelona-buret mod Magdeburg i torsdagens Champions Leauge-kamp ,https://www.dr.dk/sporten/haandbold/championsleague/vild-dansk-dobbeltredning-blokerer-vejen-champions-leauge-mestrene,False,
CHAMPIONS LEAGUE ,Fransk landsholdsfløj scorer formidabelt mål med ryggen til mål ,Den franske håndboldstjerne Dylan Nahi scorede et bemærkelsesværdigt mål i torsdagens Champions League-kamp mellem Kielce og Kolstad ,https://www.dr.dk/sporten/haandbold/championsleague/fransk-landsholdsfloej-scorer-formidabelt-maal-med-ryggen-til-maal,False,
KVINDELANDSHOLDET ,"Dansker går viralt med vild tackling, der gør amerikansk stjerne vred ","Landsholdsspilleren Stine Ballisager lavede søndag en hård tackling, som siden er gået viralt på sociale medier ",https://www.dr.dk/sporten/fodbold/kvindelandsholdet/dansker-gaar-viralt-med-vild-tackling-der-goer-amerikansk-stjerne,False,
FORMEL 1 ,"Verstappen svarer Formel 1-chef igen efter kritik om, at han gør sporten kedelig ",Max Verstappen er træt af at blive kritiseret for at vinde og tager nu til genmæle ,https://www.dr.dk/sporten/formel1/verdensmesteren-verstappen-slaar-igen-mod-kritikere-i-er-ikke-aegte-fans,False,
KVINDELANDSHOLDET ,'Trist' dansk landsholdsspiller er havnet midt i spansk fodboldkaos ,"Danske Signe Bruun oplevede fra nærmeste hold, hvordan det spanske fodboldkaos udviklede sig efter VM i Australien ",https://www.dr.dk/sporten/fodbold/kvindelandsholdet/trist-dansk-landsholdsspiller-er-havnet-midt-i-spansk-fodboldkaos,False,
CHAMPIONS LEAGUE ,FC København-træner giver udvist ung back skylden for pointtab ,"FC Københavns cheftræner Jacob Neestrup og midtbanespiller Lukas Lerager er utilfredse med, at Elias Jelert tiltrak sig et rødt kort i Champions League-opgøret mod Galatasaray ",https://www.dr.dk/sporten/fodbold/championsleague/fc-koebenhavn-traener-giver-udvist-ung-back-skylden-pointtab,False,
CHAMPIONS LEAGUE ,"Højlund scorer første United-mål, mens Eriksen indtager uheldig hovedrolle mod Bayern ",Manchester United tabte onsdag aften 4-3 mod Bayern München i Champions League ,https://www.dr.dk/sporten/fodbold/championsleague/hoejlund-scorer-foerste-united-maal-mens-eriksen-indtager-uheldig,True,
CHAMPIONS LEAGUE ,MINUT FOR MINUT United taber til Bayern i dramatisk Champions League-åbner ,Manchester United og Bayern München tørner sammen i Champions League. Følg med her ,https://www.dr.dk/sporten/fodbold/championsleague/live-bayern-munchen-manchester-united-champions-league,True,
CHAMPIONS LEAGUE ,Overlegne Aalborg kører nordmakedonsk hold over ,Aalborg Håndbold slog onsdag aften nordmakedonske Eurofarm Pelister i Champions Leauge ,https://www.dr.dk/sporten/haandbold/championsleague/overlegne-aalborg-koerer-nordmakedonsk-hold-over,True,
CHAMPIONS LEAGUE ,MINUT FOR MINUT Aalborg spillede sig varme og trynede nordmakedonere ,"Aalborg får onsdag aften besøg af makedonske Eurofarm Pelister i Champions League-gruppespillet. Se kampen på DR2 og DRTV, eller følg med i livebloggen herunder ",https://www.dr.dk/sporten/haandbold/championsleague/live-aalborg-haandbold-mod-eurofarm-pelister-champions-league,True,
CHAMPIONS LEAGUE ,To mål på to minutter ødelægger den perfekte start for FC København ,De danske mestre i fodbold har onsdag aften spillet 2-2 mod Galatasaray i Champions League ,https://www.dr.dk/sporten/fodbold/championsleague/maal-paa-minutter-oedelaegger-den-perfekte-start-fc-koebenhavn,True,
TENNIS ,Nadal lukker alletiders debat: 'Djokovic er den bedste i historien' ,"Man må respektere serberens trofæhylde, mener den spanske tennisstjerne Rafael Nadel ",https://www.dr.dk/sporten/tennis/nadal-lukker-alletiders-debat-djokovic-er-den-bedste-i-historien,False,
KVINDELANDSHOLDET ,Forrygende første møde med Nations League: 'Jeg kunne ikke have drømt om mere' ,2-0-sejren over Tyskland var lidt af en forløsning for de danske fodboldkvinder ,https://www.dr.dk/sporten/fodbold/kvindelandsholdet/perfekt-foerste-moede-med-nations-league-jeg-kunne-ikke-have,True,
KVINDELANDSHOLDET ,Dobbelt dansk målscorer sikrer perfekt start på ny landsholdsperiode ,Danmarks fodboldlandshold har fredag aften slået Tyskland 2-0 i den første Nations League-kamp ,https://www.dr.dk/sporten/fodbold/kvindelandsholdet/dobbelt-dansk-maalscorer-sikrer-perfekt-start-paa-ny,True,
GOLF ,Dansk golfprofil 'har stadig ondt i halsen' efter at have jublet over hole-in-one ,Emily Pedersen leverede fredag et flot hole-in-one ved Solheim Cup ,https://www.dr.dk/sporten/golf/dansk-golfprofil-har-stadig-ondt-i-halsen-efter-have-jublet-over-imponerende-hole-one,False,
CYKLING ,Forrygende franskmand snyder Mads Pedersen og de andre temporyttere ved EM ,"Franske Christophe Laporte vandt søndag EM i landevejscykling, der blev afholdt i Holland ",https://www.dr.dk/sporten/cykling/forrygende-franskmand-snyder-mads-pedersen-og-de-andre-tempospecialister-ved-em,True,
CHAMPIONS LEAGUE ,Odense og Ikast cruiser videre i Champions League ,De to danske håndboldhold vandt begge deres respektive kampe i søndagens Champions League-runde ,https://www.dr.dk/sporten/haandbold/championsleague/odense-og-ikast-cruiser-videre-i-champions-league,True,
GOLF ,Emily Pedersen og Europa vinder hæsblæsende tæt Solheim Cup ,Det europæiske hold slår USA for tredje gang i streg ved holdturneringen Solheim Cup ,https://www.dr.dk/sporten/golf/emily-pedersen-og-europa-vinder-haesblaesende-taet-solheim-cup,True,
SPORT ,'Lige nu lever jeg drømmen': Dansker nåede karrierens højdepunkt ved VM ,25-årige Jens Emil Sloth Nielsen blev lørdag nummer tre ved VM i triatlonsporten xterra ,https://www.dr.dk/sporten/oevrig/lige-nu-lever-jeg-droemmen-dansker-naaede-karrierens-hoejdepunkt-ved-vm,True,
SPORT ,Etiopier sætter 'forrykt' maraton-verdensrekord ,Etiopieren Tigst Assefa skar søndag formiddag godt to minutter af kvindernes verdensrekord på maraton-distancen ,https://www.dr.dk/sporten/oevrig/etiopier-saetter-vild-maraton-verdensrekord,True,
CHAMPIONS LEAGUE ,Efter frygtelig nyhed har Tranborg fundet roen: 'Ved at jeg kommer ud på den anden side' ,"Karrierens anden korsbåndsskade koster Mette Tranborg et VM på hjemmebane, men Esbjerg-profilen har prøvet det før og kender vejen tilbage ",https://www.dr.dk/sporten/haandbold/championsleague/efter-frygtelig-nyhed-har-tranborg-fundet-roen-ved-jeg-kommer-ud,False,
CYKLING ,"I en sæson, hvor alt er lykkedes, jagter Mads Pedersen stjernetrøjen som prikken over i'et ","I dag køres der EM i linjeløb i Holland, og Mads Pedersen jagter succes som Danmarks kaptajn ",https://www.dr.dk/sporten/cykling/i-en-saeson-hvor-alt-er-lykkes-jagter-mads-pedersen-stjernetroejen-som-prikken-over,False,
CHAMPIONS LEAGUE ,Esbjerg vinder nervepirrende opgør mod Metz danske stjerneparade ,"Esbjergenserne halsede efter i store dele af kampen, men fik spillet sig op efter pausen ",https://www.dr.dk/sporten/haandbold/championsleague/esbjerg-vinder-nervepirrende-opgoer-mod-metz-danske-stjerneparade,True,
CHAMPIONS LEAGUE ,Norsk stjerne kritiserer sig selv efter vigtig sejr: 'Ikke godkendt fra min side' ,"Nora Mørk var glad for Team Esbjergs sejr over Metz, men mente bestemt ikke, at hun selv havde en god dag på kontoret ",https://www.dr.dk/sporten/haandbold/championsleague/norsk-stjerne-kritiserer-sig-selv-efter-vigtig-sejr-ikke-godkendt,False,x
MOTORSPORT ,Med psykologhjælp og jernvilje er dansker gået fra 'lortesæson' til historisk triumf ,Efter en ellers svær sæson vandt Mikkel Michelsen fredag aften EM i speedway for tredje gang i karrieren som den første dansker nogensinde ,https://www.dr.dk/sporten/motorsport/med-psykologhjaelp-og-jernvilje-er-dansker-gaaet-fra-lortesaeson-til-historisk,True,
FORMEL 1 ,Magnussen tænker over sin alder og vil ikke gøre som alderspræsidenterne i Formel 1 ,Danskeren kan ikke se sig selv køre Formel 1 lige så længe som Lewis Hamilton og Fernando Alonso ,https://www.dr.dk/sporten/formel1/magnussen-taenker-over-sin-alder-og-vil-ikke-goere-som-alderspraesidenterne-i-formel,False,
KVINDELANDSHOLDET ,Harder jubler over hattrick og storsejr: 'Det kunne ikke være bedre' ,"Pernille Harder glæder sig over, at hun - og resten af landsholdet - for alvor har fået gang i den offensive produktion ",https://www.dr.dk/sporten/fodbold/kvindelandsholdet/harder-jubler-over-hattrick-og-storsejr-det-kunne-ikke-vaere-bedre,True,
KVINDELANDSHOLDET ,"Der var plads til tryllerier, da Danmark vandt sikkert over Wales ",Med 5-1-sejren tirsdag aften har danskerne fortsat maksimumpoint i Nations League-gruppespillet ,https://www.dr.dk/sporten/fodbold/kvindelandsholdet/der-var-plads-til-tryllerier-da-danmark-vandt-sikkert-over-wales,True,
KVINDELANDSHOLDET ,Efter to kampe med det 'nye' landshold dufter det allerede af OL ,"Selvom der kun er to OL-pladser at kæmpe om i Nations League, tror de danske spillere på, at de kan snuppe en af dem ",https://www.dr.dk/sporten/fodbold/kvindelandsholdet/efter-kampe-med-det-nye-landshold-dufter-det-allerede-af-ol,False,
KVINDELANDSHOLDET ,Utraditionelt bytte sikrede Kühl legendens trøje: 'Sanne er et kæmpe forbillede' ,Der blev byttet spillertrøjer indbyrdes på holdet efter Danmarks 5-1 sejr over Wales tirsdag aften ,https://www.dr.dk/sporten/fodbold/kvindelandsholdet/utraditionelt-byt-sikrede-kuhl-legendens-troeje-sanne-er-et-kaempe,True,x
KVINDELANDSHOLDET ,KARAKTERER Hattrick-Harder holdt hof mod waliserne ,Danmarks anfører var målfarlig og bidrog med mange gode detaljer. Se bedømmelserne af de danske spillere efter kampen mod Wales herunder ,https://www.dr.dk/sporten/fodbold/kvindelandsholdet/karakterer-hattrick-harder-holdt-hof-mod-waliserne,True,
FODBOLD ,"Danske dommere sendes til Cypern, hvor bilbomber og dødstrusler forfølger lokale dommere ","DBU's dommerformand fortæller, at de danske dommere ikke har noget at frygte ",https://dr.dk/sporten/fodbold/danske-dommere-sendes-til-cypern-hvor-bilbomber-og-doedstrusler-forfoelger-lokale,False,
BADMINTON ,Axelsen fik pludselig privatlektion af amerikansk superstjerne: 'Han er jo en fantastisk atlet' ,"Den danske badmintonspiller kan lære meget af basketballspillere, fortæller han ",https://www.dr.dk/sporten/badminton/axelsen-fik-pludselig-privatlektion-af-amerikansk-superstjerne-han-er-jo-en,False,
FODBOLD ,"'Folk forventer' dansk sejr, men landstræneren ved, at det går op og ned i showbiz ","De danske fodboldkvinder har fået en drømmestart under den nye landstræner, men der er stadig masser af arbejde ",https://www.dr.dk/sporten/fodbold/folk-forventer-dansk-sejr-men-landstraeneren-ved-det-gaar-op-og-ned-i-showbiz,False,x
KVINDELANDSHOLDET ,Real Madrid-spiller kritiserer Danmarks tidligere landstræner: 'Det fungerede ikke' ,"Fodboldspilleren Sofie Svava er glad for Danmarks nye landstræner Andrée Jeglertz, som modsat forgængeren giver hende selvtillid ",https://www.dr.dk/sporten/fodbold/kvindelandsholdet/real-madrid-spiller-kritiserer-danmarks-tidligere-landstraener-det,False,
FODBOLD ,Fodbolddirektør fyret efter storkamp: Endte som en 'kulsort dag' ,Weekendens hollandske opgør mellem Ajax og Feyenoord blev afbrudt og senere aflyst på grund af ballade blandt tilskuerne ,https://www.dr.dk/sporten/fodbold/fodbolddirektoer-fyret-efter-storkamp-endte-som-en-kulsort-dag,False,
GOLF ,Amerikansk golfstjerne tabte trods pointlighed og foreslår nu nye regler ,"En amerikanske golfstjerne foreslår, at man i Solheim Cup bør indføre omspil i tilfælde af pointlighed ",https://www.dr.dk/sporten/golf/amerikansk-golfstjerne-tabte-trods-pointlighed-og-foreslaar-nu-nye-regler,True,x
SUPERLIGA ,17-årig FCK'er vendte topbrag på fem minutter: 'Svært at beskrive' ,Fodboldspilleren Roony Bardghji scorede to mål på fem minutter i afslutningen af søndagens 3F Superliga-brag mellem FC København og Brøndby ,https://www.dr.dk/sporten/fodbold/superliga/fra-sin-baenkplads-planlagde-17-aarig-fcker-hvordan-han-skulle-vende-derby,True,
SUPERLIGA ,FC København vandt dramatisk topopgør mod Brøndby: Se weekendens mål her ,Se alle mål fra alle weekendens Superligakampe her i artiklen ,https://www.dr.dk/sporten/fodbold/superliga/silkeborgs-himmelstormer-fortsaetter-vild-stime-se-weekendens,True,
CHAMPIONS LEAGUE ,Aalborg Håndbold går kold og taber stort i Ungarn ,Det nordjyske håndboldflagskib tabte onsdag aften på udebane til ungarske Pick Szeged i Champions League ,https://www.dr.dk/sporten/haandbold/championsleague/aalborg-haandbold-gaar-kold-og-taber-stort-i-ungarn,True,
SPORT ,Efter halvandet års venten kommer der nu endelig en afgørelse i russisk OL-guldvinders dopingsag ,Tirsdag begynder Den Internationale Sportsdomstols høring i sagen om Kamila Valieva. ,https://www.dr.dk/sporten/efter-halvandet-aars-venten-kommer-der-nu-endelig-en-afgoerelse-i-russisk-ol-guldvinders,False,
TENNIS ,Amerikaner sender frustreret Tauson ud af US Open ,Clara Tauson er færdig ved US Open efter et klart nederlag i to sæt til amerikanske Peyton Stearns i anden runde ,https://www.dr.dk/sporten/tennis/amerikaner-sender-nemt-frustreret-tauson-ud-af-us-open,True,
TENNIS ,BOLD FOR BOLD Amerikaner sender Clara Tauson ud af US Open ,Følg Clara Tauson kamp i anden runde ved US Open mod Peyton Stearns lige her ,https://www.dr.dk/sporten/tennis/live-clara-tauson-moeder-peyton-stearns-i-anden-runde-ved-us-open,True,
TENNIS ,Clara Tauson overkommer vanskeligheder og spiller sig videre ved US Open ,Clara Tauson er videre i grand slam-turneringen US Open ,https://www.dr.dk/sporten/tennis/clara-tauson-overkommer-vanskeligheder-og-spiller-sig-videre-ved-us-open,True,
BADMINTON ,"Axelsen stod for dagens skuffelse, da halvdelen af danskerne gik videre til VM-semifinalerne ",Få overblikket over dagens danske præstationer ved VM i badminton ,https://www.dr.dk/sporten/badminton/axelsen-stod-dagens-skuffelse-da-halvdelen-af-danskerne-gik-videre-til-vm,True,
BADMINTON ,Viktor Axelsen ryger ud af VM til stærkt spillende inder ,Den danske verdensetter skuffede i VM-kvartfinalen på hjemmebane ,https://www.dr.dk/sporten/badminton/viktor-axelsen-ryger-ud-af-vm-til-staerkt-spillende-inder,True,
BADMINTON ,Vilde Viktor Axelsen knuser rival og er i finalen ved stor japansk turnering ,"Badmintonspilleren Viktor Axelsen var i hopla, da han lørdag morgen stod over for japanske Kodai Naraoka ved Japan Open ",https://www.dr.dk/sporten/badminton/vilde-viktor-axelsen-knuser-rival-og-er-i-finalen-ved-stor-japansk-turnering,True,
BADMINTON ,Dansk badmintonstjerne buldrer videre til finale i Sydkorea ,Den danske badmintonspiller Anders Antonsen vandt lørdag formiddag sin semifinale ved Korea Open ,https://www.dr.dk/sporten/badminton/dansk-badmintonstjerne-buldrer-videre-til-finale-i-sydkorea,True,
BADMINTON ,Danskers nye superserv vækker bekymring - topspillere kræver forbud ,"Marcus Rindshøj har nyfortolket en serv, som får Det Internationale Badmintonforbund, BWF, op af stolen ",https://www.dr.dk/sporten/badminton/dansk-talent-har-opfundet-en-superserv-som-vaekker-bekymring-i-verdenseliten,False,
GOLF ,Øøøh hvad!? 22-årig dansker er 'meget skuffet' efter topresultat i USA ,Den danske golfspiller Nicolai Højgaard blev søndag aften nummer to PGA Tour-turneringen Corales Puntacana Championship ,https://www.dr.dk/sporten/golf/trods-bedste-danske-resultat-nogensinde-paa-prestigefuld-tour-er-dansk-golfkomet-meget,True,
GOLF ,Dansk golfprofil præsterer bedste danske resultat nogensinde på PGA Touren ,Nicolai Højgaard blev nummer to ved PGA Tour-turneringen Corales Puntacana Championship ,https://www.dr.dk/sporten/golf/dansk-golfprofil-praesterer-bedste-danske-resultat-nogensinde-paa-pga-touren,True,
GOLF ,Dansk golfspiller sigter mod stjernerne i Himmerland ,To danskere lå begge på en delt andenplads i Made in Himmerland inden fredagens anden runde ,https://www.dr.dk/sporten/golf/dansk-golfspiller-sigter-mod-stjernerne-i-himmerland,True,
BOKSNING ,Boksestjerne banker Sarah Mahfoud og tager hendes VM-bælte ,Sarah Mahfoud kunne ikke stille noget op modboksestjernen Amanda Serrano i en VM-storkamp i fjervægt ,https://www.dr.dk/sporten/boksning/boksestjerne-banker-sarah-mahfoud-og-tager-hendes-vm-baelte,True,
BOKSNING ,"Boksepromotoren, der gjorde drømme til virkelighed: 'Havde det ikke været for ham, var jeg nok blevet blikkenslager ","Boksepromotoren Mogens Palle sov ind lørdag morgen og efterlod sig en verden, han ændrede for tusindevis af mennesker ",https://www.dr.dk/sporten/boksning/boksepromotoren-der-gjorde-droemme-til-virkelighed-havde-det-ikke-vaeret-ham-var,False,
BOKSNING ,Rørt boksestjerne genvinder VM-titlen og hiver det eftertragtede bælte hjem igen: 'Det har fået sin egen faste plads' ,Med dommerstemmerne 3-0 forsvarede Sarah Mahfoud torsdag aften sin titel som verdensmester i fjervægt i en VM-dyst mod tyske Nina Meinke ,https://www.dr.dk/sporten/boksning/roert-boksestjerne-genvinder-vm-titlen-og-hiver-det-eftertragtede-baelte-hjem-igen,True,
BOKSNING ,Som gadebarn i gangsterland fik Whyte både knivstik og skudsår. I aften kan han chokere hele bokseverdenen ,I årets største boksekamp skal underdoggen Dillian Whyte op mod verdens bedste sværvægter Tyson Fury foran 94.000 tilskuere på Wembley ,https://www.dr.dk/sporten/boksning/dillian-whyte,False,
BOKSNING ,Løgnedetektor sender to officials hjem fra VM i boksning ,Det internationale bokseforbund tager drastiske midler i brug i kampen mod matchfixing ,https://www.dr.dk/sporten/boksning/loegnedetektor-sender-officials-hjem-fra-vm-i-boksning,False,
MOTORSPORT ,Maskinbyggeren Martin smadrer rekorder på racerbanen i Tyskland: 'Vi har været urørlige' ,"28-årige Martin Andersen er ny mester i den førende tyske serie for standardvogne, ADAC TCR Germany ",https://www.dr.dk/sporten/motorsport/maskinbyggeren-martin-smadrer-rekorder-paa-racerbanen-i-tyskland-vi-har-vaeret,True,
FIFA VM 2022 ,Sprudlende argentinsk stjerne i tårer efter drømmescoring i VM-finalen ,Argentinas scoring 2-0 til i VM-finalen mod Frankrig var lidt af en perle ,https://www.dr.dk/sporten/fodbold/vm/sprudlende-argentinsk-stjerne-i-taarer-efter-droemmescoring-i-vm-finalen,True,
FIFA VM 2022 ,"Mageløse Messi vandt ikke kun VM-trofæet, men slog også seks rekorder i finalen ",Søndag aften blev en aften til historiebøgerne for Lionel Messi og resten af fodbodlverdenen ,https://www.dr.dk/sporten/fodbold/vm/mageloese-messi-vandt-ikke-kun-vm-trofaeet-men-slog-ogsaa-seks-rekorder-i-finalen,True,
ISHOCKEY ,"'Det er, hvad det er': Verdensmestre leverer magtdemonstration i dansk VM-punktum ",Danmarks ishockeyherrer fik ørerne i maskinen i den sidste gruppekamp ved VM ,https://www.dr.dk/sporten/ishockey/verdensmestre-leverer-magtdemonstration-i-dansk-vm-punktum,True,
ISHOCKEY ,"Amalie skriver dansk ishockeyhistorie: 'Håber, der er mange, som kan gå i mine fodspor' ","Den 23-årige landsholdsspiller bliver den første dansker i Premier Hockey Federation, kvindernes svar på NHL ",https://www.dr.dk/sporten/ishockey/amalie-skriver-dansk-ishockeyhistorie-haaber-der-er-mange-som-kan-gaa-i-mine,False,
ISHOCKEY ,MINUT FOR MINUT: Verdensmestrene moste Danmark i sidste gruppekamp ,Danmarks ishockeyherrer rundede VM af med et nederlag på 1-7 mod finske verdensmestre ,https://www.dr.dk/sporten/ishockey/danmark-spiller-vm-aeren-mod-de-finske-verdensmestre,True,
ISHOCKEY ,Skarpe tyskere slukker Danmarks VM-håb ,"Danmark er ude af VM i ishockey, efter Tyskland tirsdag middag har slået Frankrig i deres sidste gruppekamp ved VM",https://www.dr.dk/sporten/ishockey/skarpe-tyskere-slukker-danmarks-vm-haab,True,
ISHOCKEY ,Trods lynstart vinder Sverige og efterlader Danmarks VM-skæbne i tyske hænder ,Danmarks ishockeyherrer kan efter mandagens nederlag til Sverige ikke selv afgøre den videre færd ved VM ,https://www.dr.dk/sporten/ishockey/trods-lynstart-vinder-sverige-og-efterlader-danmarks-vm-skaebne-i-tyske-haender,True,
ISHOCKEY ,Dansk ishockeystjerne er VM-klar efter økonomisk bøvl: 'Jeg glæder mig' ,"Nikolaj Ehlers kan deltage for Danmark ved VM i ishockey, efter at der har været tvivl om hans deltagelse ",https://www.dr.dk/sporten/ishockey/dansk-ishockeystjerne-kan-deltage-ved-vm-efter-forsikringsboevl,False,
ISHOCKEY ,Stort comeback sender Herning i DM-finalen ,Herning Blue Fox vendte 0-2 til 5-2 i afgørende DM-semifinale og er nu klar til finalen hvor Aalborg Pirates venter ,https://www.dr.dk/sporten/ishockey/stort-comeback-sender-herning-i-dm-finalen,True,
ISHOCKEY ,"Se de vanvittige sidste sekunder, der sendte Danmark ud af VM ","Danmark røg ud af VM, da Tyskland i den sidste gruppekamp scorede til 3-2 i det absolut sidste sekund ",https://www.dr.dk/sporten/ishockey/se-det-vanvittige-sidste-sekund-der-sendte-danmark-ud-af-vm#!/,True,
VM ISHOCKEY ,"Danmark chokerede Tjekkiet, men endte som chanceløse i Frederikshavn ",Trods en god start og en åbningsscoring endte det med dansk nederlag til Tjekkiet i VM-kampen i Frederikshavn ,https://www.dr.dk/sporten/ishockey/vm/danmark-chokerede-tjekkiet-men-endte-som-chanceloese-i-frederikshavn,True,
ISHOCKEY ,MINUT FOR MINUT Danskerne var chanceløse mod de driblestærke tjekker ,Følg det danske kvindelandshold ishockey ved VM på hjemmebane lige her ,https://www.dr.dk/sporten/ishockey/live-kan-de-danske-ishockey-kvinder-gentage-ol-overraskelsen-og-slaa-tjekkerne,True,
ISHOCKEY ,Ishockey-kvinders VM-skæbne i fare et halvt år efter historisk triumf ,"De danske ishockeykvinder leverede en mirakuløs præstation, da de slog stormagten Tjekkiet ved OL tilbage i februar ",https://www.dr.dk/sporten/ishockey/ishockey-kvinders-vm-skaebne-i-fare-et-halvt-aar-efter-historisk-triumf,True,
ISHOCKEY ,Svensker bliver ny ishockeylandstræner for Danmark ,Mikael Gath afløser Heinz Ehlers som landstræner for Danmarks ishockeyherrer ,https://www.dr.dk/sporten/ishockey/svensker-bliver-ny-ishockeylandstraener-danmark,False,
